{
  "results": [
    {
      "command": "pequeno",
      "mean": 1.0144198706599998,
      "stddev": 0.11851405057071555,
      "median": 1.03302343916,
      "user": 0.6957121199999999,
      "system": 1.11818748,
      "min": 0.73478625766,
      "max": 1.16870743366,
      "times": [
        0.73478625766,
        1.08222887566,
        1.09170164966,
        1.16870743366,
        1.07707558966,
        1.03374260066,
        1.03230427766,
        1.02888441866,
        0.95086419166,
        0.94390341166
      ],
      "exit_codes": [
        0,
        0,
        0,
        0,
        0,
        0,
        0,
        0,
        0,
        0
      ]
    },
    {
      "command": "médio",
      "mean": 2.9348938327599994,
      "stddev": 0.14189313167688572,
      "median": 2.93584656516,
      "user": 11.70718642,
      "system": 2.8899478800000002,
      "min": 2.73350301166,
      "max": 3.14905549466,
      "times": [
        2.73350301166,
        2.87449281466,
        3.04435915866,
        3.14905549466,
        3.0134362426599997,
        2.78649660966,
        2.83533982066,
        2.82310231666,
        3.0919525426599996,
        2.99720031566
      ],
      "exit_codes": [
        0,
        0,
        0,
        0,
        0,
        0,
        0,
        0,
        0,
        0
      ]
    },
    {
      "command": "grande",
      "mean": 38.02358851556001,
      "stddev": 0.593975461668436,
      "median": 37.74436005666001,
      "user": 315.4960090199999,
      "system": 44.52336027999999,
      "min": 37.49420898566,
      "max": 39.148860949660005,
      "times": [
        38.872685236660004,
        37.55149873866,
        37.73524361466001,
        39.148860949660005,
        37.75347649866001,
        38.41675694666,
        37.65699689166,
        37.49420898566,
        38.070121323660004,
        37.536035969660006
      ],
      "exit_codes": [
        0,
        0,
        0,
        0,
        0,
        0,
        0,
        0,
        0,
        0
      ]
    },
    {
      "command": "muito grande",
      "mean": 43.62169168455999,
      "stddev": 0.6877309186325725,
      "median": 43.76854879916,
      "user": 377.66324292,
      "system": 52.778741079999996,
      "min": 42.448083981660005,
      "max": 44.87671728066,
      "times": [
        43.934303935660004,
        43.92279428666,
        44.13070091566,
        42.448083981660005,
        43.06536639566,
        43.79039943566001,
        44.87671728066,
        42.977701688660005,
        43.74669816266,
        43.324150762660004
      ],
      "exit_codes": [
        0,
        0,
        0,
        0,
        0,
        0,
        0,
        0,
        0,
        0
      ]
    }
  ]
}
