{
  "results": [
    {
      "command": "contato na GPU",
      "mean": 69.26704041062,
      "stddev": 14.21954551134297,
      "median": 71.61151945521999,
      "user": 393.98278616,
      "system": 93.73747433999999,
      "min": 48.52347007622,
      "max": 90.12403738422,
      "times": [
        54.03561230622,
        77.07813215722,
        76.42695446722,
        66.42662835221999,
        66.79608444322,
        77.11675444922,
        48.52347007622,
        84.37358072122,
        90.12403738422,
        51.769149749220006
      ],
      "exit_codes": [
        0,
        0,
        0,
        0,
        0,
        0,
        0,
        0,
        0,
        0
      ]
    },
    {
      "command": "contato na CPU",
      "mean": 43.16064826422,
      "stddev": 0.8048097398275603,
      "median": 43.09869166272,
      "user": 378.97457956,
      "system": 51.91434074,
      "min": 41.838299571220006,
      "max": 44.388130736220006,
      "times": [
        42.683008832220004,
        43.23093516622,
        42.96644815922,
        44.388130736220006,
        42.407702686220006,
        43.58582997122,
        41.838299571220006,
        44.31503767422,
        42.768010583220004,
        43.42307926222
      ],
      "exit_codes": [
        0,
        0,
        0,
        0,
        0,
        0,
        0,
        0,
        0,
        0
      ]
    }
  ]
}
