{
  "results": [
    {
      "command": "inserção na GPU",
      "mean": 73.43052560423999,
      "stddev": 16.309881184389518,
      "median": 72.36631302684,
      "user": 394.5274581,
      "system": 100.33467676000001,
      "min": 55.23915519284,
      "max": 93.53055029084,
      "times": [
        57.26637763784,
        55.23915519284,
        92.46977908884,
        88.52826099584,
        58.31386932584,
        56.59202558884,
        65.60443936484,
        79.12818668884,
        93.53055029084,
        87.63261186784
      ],
      "exit_codes": [
        0,
        0,
        0,
        0,
        0,
        0,
        0,
        0,
        0,
        0
      ]
    },
    {
      "command": "inserção na CPU",
      "mean": 61.52399264084001,
      "stddev": 13.829091760201683,
      "median": 58.64340484834,
      "user": 383.3986527999999,
      "system": 83.82633736,
      "min": 48.159468234840006,
      "max": 87.19521582284,
      "times": [
        49.18100726784,
        63.507647628840004,
        87.19521582284,
        56.91859153184,
        60.36821816484,
        49.79678418284,
        82.81854890784,
        48.159468234840006,
        51.67567554384,
        65.61876912284
      ],
      "exit_codes": [
        0,
        0,
        0,
        0,
        0,
        0,
        0,
        0,
        0,
        0
      ]
    }
  ]
}
