{
  "results": [
    {
      "command": "movimento na GPU",
      "mean": 77.45852677727999,
      "stddev": 17.718063293660542,
      "median": 73.34943877108,
      "user": 396.49021166,
      "system": 107.32548560000001,
      "min": 53.857515665579996,
      "max": 101.08165386558,
      "times": [
        56.07113169758,
        53.857515665579996,
        67.52915993758,
        74.43227241358,
        94.23203422058,
        101.08165386558,
        98.45366356258,
        92.37542579258,
        72.26660512858,
        64.28580548858
      ],
      "exit_codes": [
        0,
        0,
        0,
        0,
        0,
        0,
        0,
        0,
        0,
        0
      ]
    },
    {
      "command": "movimento na CPU",
      "mean": 82.44227948038,
      "stddev": 12.377391128173336,
      "median": 85.77060088558,
      "user": 397.06772756,
      "system": 115.9121727,
      "min": 64.52858641158,
      "max": 99.68066396258,
      "times": [
        65.35500956058,
        95.38731153158,
        64.52858641158,
        99.68066396258,
        90.88683753658,
        83.38361423158,
        73.73336626657999,
        89.37633559058,
        88.15758753957999,
        73.93348217258
      ],
      "exit_codes": [
        0,
        0,
        0,
        0,
        0,
        0,
        0,
        0,
        0,
        0
      ]
    }
  ]
}
