{
  "results": [
    {
      "command": "transição na GPU",
      "mean": 85.12284981446,
      "stddev": 14.335641093359651,
      "median": 83.98044756616,
      "user": 403.5215255,
      "system": 120.92148289999997,
      "min": 60.05494059766,
      "max": 105.43078822366,
      "times": [
        91.52080768265999,
        97.03323072565999,
        79.58462869166,
        79.11470445766,
        78.42019766566,
        88.37626644066,
        60.05494059766,
        101.69993276266,
        69.99300089665999,
        105.43078822366
      ],
      "exit_codes": [
        0,
        0,
        0,
        0,
        0,
        0,
        0,
        0,
        0,
        0
      ]
    },
    {
      "command": "transição na CPU",
      "mean": 86.18551503155999,
      "stddev": 15.762017887340658,
      "median": 90.29179208416,
      "user": 399.80303539999994,
      "system": 128.99646639999997,
      "min": 65.16351121865999,
      "max": 109.04646767365999,
      "times": [
        85.79450990165999,
        94.78907426666,
        99.38299369366,
        73.52725182866,
        69.19943970566,
        69.13925332066,
        65.16351121865999,
        109.04646767365999,
        95.78649553465999,
        100.02615317166
      ],
      "exit_codes": [
        0,
        0,
        0,
        0,
        0,
        0,
        0,
        0,
        0,
        0
      ]
    }
  ]
}
