{
  "results": [
    {
      "command": "síncrono",
      "mean": 200.42751200072,
      "stddev": 0.8086056648898992,
      "median": 200.60243732191998,
      "user": 652.3800694999999,
      "system": 266.64931888,
      "min": 199.26338632542,
      "max": 201.44422117742,
      "times": [
        200.33264272242,
        201.44422117742,
        199.26338632542,
        199.55454141142,
        199.71249322341998,
        199.70791183742,
        200.87223192142,
        201.05905202841998,
        201.08320818142,
        201.24543117841998
      ],
      "exit_codes": [
        0,
        0,
        0,
        0,
        0,
        0,
        0,
        0,
        0,
        0
      ]
    },
    {
      "command": "assíncrono",
      "mean": 76.83550599272,
      "stddev": 16.28517118415847,
      "median": 79.38646344242001,
      "user": 396.29124569999993,
      "system": 106.88386148,
      "min": 48.74113224442,
      "max": 97.47734666442001,
      "times": [
        80.98949660742001,
        97.47734666442001,
        88.56612889142001,
        77.78343027742001,
        61.92524020942,
        62.369261412419995,
        96.49881447942,
        67.06654718842,
        48.74113224442,
        86.93766195242
      ],
      "exit_codes": [
        0,
        0,
        0,
        0,
        0,
        0,
        0,
        0,
        0,
        0
      ]
    }
  ]
}
